Quote ID,Timestamp,Source Page,Calculator Engine,Trip Type,Pickup Location,Drop Location,Vehicle,Distance (km),Calculated Fare (INR),Status,Metadata
#CALC-100,08-Oct-2026 05:00 PM,/,Outstation Cab,One Way,Tambaram,Pondicherry,Sedan,151,2950,Browsed,Demo Baseline
#CALC-TEST1,"8 Oct 2026, 5:35 pm","/services/chennai-airport-taxi","Chennai Airport Taxi Estimator","Airport Drop","Anna Nagar","Chennai Airport","Sedan",22,650,Browsed,"None"
#CALC-103,"8 Oct 2026, 11:18 pm","/admin (Phone Desk)","Office Phone Desk Log","Inbound Phone Enquiry","Testing Lead Owner (+91 9840999888)","Chennai to Pondicherry Drop Taxi","Sedan (Dzire / Etios)",N/A,5500,Call Received - Quoted,"None"
#CALC-104,"8 Oct 2026, 11:18 pm","/admin (Phone Desk)","Office Phone Desk Log","Inbound Phone Enquiry","Testing Lead Owner (+91 9840999888)","Chennai to Pondicherry Drop Taxi","Sedan (Dzire / Etios)",N/A,5500,Call Received - Quoted,"None"
#CALC-105,"8 Oct 2026, 11:18 pm","/admin (Phone Desk)","Office Phone Desk Log","Inbound Phone Enquiry","Testing Lead Owner (+91 9840999888)","Chennai to Pondicherry Drop Taxi","Sedan (Dzire / Etios)",N/A,5500,Call Received - Quoted,"None"
#CALC-106,"8 Oct 2026, 11:18 pm","/admin (Phone Desk)","Office Phone Desk Log","Inbound Phone Enquiry","Testing Lead Owner (+91 9840999888)","Chennai to Pondicherry Drop Taxi","Sedan (Dzire / Etios)",N/A,5500,Call Received - Quoted,"None"
#CALC-107,"8 Oct 2026, 11:19 pm","/tariff/","Direct Phone Dial","Direct Inbound","Chennai Taxi & Cab Tariff Card","+91 89395 39211","General Inquiry",N/A,0,Call Clicked,"None"
#CALC-108,"8 Oct 2026, 11:19 pm","/admin (Phone Desk)","Office Phone Desk Log","Inbound Phone Enquiry","Testing Lead Owner (+91 9840999888)","Chennai to Pondicherry Drop Taxi","Sedan (Dzire / Etios)",N/A,5500,Call Received - Quoted,"None"
#CALC-109,"8 Oct 2026, 11:19 pm","/admin (Phone Desk)","Office Phone Desk Log","Inbound Phone Enquiry","Testing Lead Owner (+91 9840999888)","Chennai to Pondicherry Drop Taxi","Sedan (Dzire / Etios)",N/A,5500,Call Received - Quoted,"None"
#CALC-110,"8 Oct 2026, 11:19 pm","/tariff/","Direct Phone Dial","Direct Inbound","Chennai Taxi & Cab Tariff Card","+91 89395 39211","General Inquiry",N/A,0,Call Clicked,"None"
#CALC-111,"8 Oct 2026, 11:19 pm","/tariff/","Direct Phone Dial","Direct Inbound","Chennai Taxi & Cab Tariff Card","+91 89395 39211","General Inquiry",N/A,0,Call Clicked,"None"
#CALC-112,"8 Oct 2026, 11:19 pm","/admin (Phone Desk)","Office Phone Desk Log","Inbound Phone Enquiry","Testing Lead Owner (+91 9840999888)","Chennai to Pondicherry Drop Taxi","Sedan (Dzire / Etios)",N/A,5500,Call Received - Quoted,"None"
#CALC-113,"8 Oct 2026, 11:19 pm","/tariff/","Direct Phone Dial","Direct Inbound","Chennai Taxi & Cab Tariff Card","+91 89395 39211","General Inquiry",N/A,0,Call Clicked,"None"
#CALC-114,"8 Oct 2026, 11:19 pm","/admin (Phone Desk)","Office Phone Desk Log","Inbound Phone Enquiry","Testing Lead Owner (+91 9840999888)","Chennai to Pondicherry Drop Taxi","Sedan (Dzire / Etios)",N/A,5500,Call Received - Quoted,"None"
#CALC-115,"8 Oct 2026, 11:19 pm","/tariff/","Direct Phone Dial","Direct Inbound","Chennai Taxi & Cab Tariff Card","+91 89395 39211","General Inquiry",N/A,0,Call Clicked,"None"
#CALC-116,"8 Oct 2026, 11:19 pm","/tariff/","Direct Phone Dial","Direct Inbound","Chennai Taxi & Cab Tariff Card","+91 89395 39211","General Inquiry",N/A,0,Call Clicked,"None"
#CALC-117,"8 Oct 2026, 11:19 pm","/tariff/","Direct Phone Dial","Direct Inbound","Chennai Taxi & Cab Tariff Card","+91 89395 39211","General Inquiry",N/A,0,Call Clicked,"None"
#CALC-118,"8 Oct 2026, 11:19 pm","/tariff/","Direct Phone Dial","Direct Inbound","Chennai Taxi & Cab Tariff Card","+91 89395 39211","General Inquiry",N/A,0,Call Clicked,"None"
#CALC-119,"8 Oct 2026, 11:20 pm","/tariff/","Direct Phone Dial","Direct Inbound","Chennai Taxi & Cab Tariff Card","+91 89395 39211","General Inquiry",N/A,0,Call Clicked,"None"
#CALC-120,"8 Oct 2026, 11:20 pm","/admin (Phone Desk)","Office Phone Desk Log","Inbound Phone Enquiry","Testing Lead Owner (+91 9840999888)","Chennai to Pondicherry Drop Taxi","Sedan (Dzire / Etios)",N/A,5500,Call Received - Quoted,"None"
#CALC-121,"8 Oct 2026, 11:20 pm","/admin (Phone Desk)","Office Phone Desk Log","Inbound Phone Enquiry","Testing Lead Owner (+91 9840999888)","Chennai to Pondicherry Drop Taxi","Sedan (Dzire / Etios)",N/A,5500,Call Received - Quoted,"None"
#CALC-122,"8 Oct 2026, 11:20 pm","/tariff/","Direct Phone Dial","Direct Inbound","Chennai Taxi & Cab Tariff Card","+91 89395 39211","General Inquiry",N/A,0,Call Clicked,"None"
#CALC-123,"8 Oct 2026, 11:20 pm","/admin (Phone Desk)","Office Phone Desk Log","Inbound Phone Enquiry","Testing Lead Owner (+91 9840999888)","Chennai to Pondicherry Drop Taxi","Sedan (Dzire / Etios)",N/A,5500,Call Received - Quoted,"None"
#CALC-124,"8 Oct 2026, 11:20 pm","/tariff/","Direct Phone Dial","Direct Inbound","Chennai Taxi & Cab Tariff Card","+91 89395 39211","General Inquiry",N/A,0,Call Clicked,"None"
#CALC-125,"8 Oct 2026, 11:20 pm","/tariff/","Direct Phone Dial","Direct Inbound","Chennai Taxi & Cab Tariff Card","+91 89395 39211","General Inquiry",N/A,0,Call Clicked,"None"
#CALC-126,"8 Oct 2026, 11:20 pm","/admin (Phone Desk)","Office Phone Desk Log","Inbound Phone Enquiry","Testing Lead Owner (+91 9840999888)","Chennai to Pondicherry Drop Taxi","Sedan (Dzire / Etios)",N/A,5500,Call Received - Quoted,"None"
#CALC-127,"8 Oct 2026, 11:21 pm","/tariff/","Direct Phone Dial","Direct Inbound","Chennai Taxi & Cab Tariff Card","+91 89395 39211","General Inquiry",N/A,0,Call Clicked,"None"
#CALC-128,"8 Oct 2026, 11:21 pm","/admin (Phone Desk)","Office Phone Desk Log","Inbound Phone Enquiry","Testing Lead Owner (+91 9840999888)","Chennai to Pondicherry Drop Taxi","Sedan (Dzire / Etios)",N/A,5500,Call Received - Quoted,"None"
#CALC-129,"8 Oct 2026, 11:21 pm","/admin (Phone Desk)","Office Phone Desk Log","Inbound Phone Enquiry","Testing Lead Owner (+91 9840999888)","Chennai to Pondicherry Drop Taxi","Sedan (Dzire / Etios)",N/A,5500,Call Received - Quoted,"None"
#CALC-130,"8 Oct 2026, 11:21 pm","/tariff/","Direct Phone Dial","Direct Inbound","Chennai Taxi & Cab Tariff Card","+91 89395 39211","General Inquiry",N/A,0,Call Clicked,"None"
#CALC-131,"8 Oct 2026, 11:22 pm","/tariff/","Direct Phone Dial","Direct Inbound","Chennai Taxi & Cab Tariff Card","+91 89395 39211","General Inquiry",N/A,0,Call Clicked,"None"
#CALC-132,"8 Oct 2026, 11:22 pm","/admin (Phone Desk)","Office Phone Desk Log","Inbound Phone Enquiry","Testing Lead Owner (+91 9840999888)","Chennai to Pondicherry Drop Taxi","Sedan (Dzire / Etios)",N/A,5500,Call Received - Quoted,"None"
#CALC-133,"8 Oct 2026, 11:22 pm","/admin (Phone Desk)","Office Phone Desk Log","Inbound Phone Enquiry","Testing Lead Owner (+91 9840999888)","Chennai to Pondicherry Drop Taxi","Sedan (Dzire / Etios)",N/A,5500,Call Received - Quoted,"None"
#CALC-134,"8 Oct 2026, 11:22 pm","/admin (Phone Desk)","Office Phone Desk Log","Inbound Phone Enquiry","Testing Lead Owner (+91 9840999888)","Chennai to Pondicherry Drop Taxi","Sedan (Dzire / Etios)",N/A,5500,Call Received - Quoted,"None"
#CALC-135,"8 Oct 2026, 11:22 pm","/tariff/","Direct Phone Dial","Direct Inbound","Chennai Taxi & Cab Tariff Card","+91 89395 39211","General Inquiry",N/A,0,Call Clicked,"None"
#CALC-136,"8 Oct 2026, 11:22 pm","/tariff/","Direct Phone Dial","Direct Inbound","Chennai Taxi & Cab Tariff Card","+91 89395 39211","General Inquiry",N/A,0,Call Clicked,"None"
#CALC-137,"8 Oct 2026, 11:22 pm","/admin (Phone Desk)","Office Phone Desk Log","Inbound Phone Enquiry","Testing Lead Owner (+91 9840999888)","Chennai to Pondicherry Drop Taxi","Sedan (Dzire / Etios)",N/A,5500,Call Received - Quoted,"None"
#CALC-138,"8 Oct 2026, 11:23 pm","/tariff/","Direct Phone Dial","Direct Inbound","Chennai Taxi & Cab Tariff Card","+91 89395 39211","General Inquiry",N/A,0,Call Clicked,"None"
#CALC-139,"8 Oct 2026, 11:23 pm","/admin (Phone Desk)","Office Phone Desk Log","Inbound Phone Enquiry","Testing Lead Owner (+91 9840999888)","Chennai to Pondicherry Drop Taxi","Sedan (Dzire / Etios)",N/A,5500,Call Received - Quoted,"None"
#CALC-140,"8 Oct 2026, 11:23 pm","/admin (Phone Desk)","Office Phone Desk Log","Inbound Phone Enquiry","Testing Lead Owner (+91 9840999888)","Chennai to Pondicherry Drop Taxi","Sedan (Dzire / Etios)",N/A,5500,Call Received - Quoted,"None"
#CALC-141,"8 Oct 2026, 11:23 pm","/tariff/","Direct Phone Dial","Direct Inbound","Chennai Taxi & Cab Tariff Card","+91 89395 39211","General Inquiry",N/A,0,Call Clicked,"None"
#CALC-142,"8 Oct 2026, 11:23 pm","/tariff/","Direct Phone Dial","Direct Inbound","Chennai Taxi & Cab Tariff Card","+91 89395 39211","General Inquiry",N/A,0,Call Clicked,"None"
#CALC-143,"8 Oct 2026, 11:23 pm","/admin (Phone Desk)","Office Phone Desk Log","Inbound Phone Enquiry","Testing Lead Owner (+91 9840999888)","Chennai to Pondicherry Drop Taxi","Sedan (Dzire / Etios)",N/A,5500,Call Received - Quoted,"None"
#CALC-144,"8 Oct 2026, 11:23 pm","/admin (Phone Desk)","Office Phone Desk Log","Inbound Phone Enquiry","Testing Lead Owner (+91 9840999888)","Chennai to Pondicherry Drop Taxi","Sedan (Dzire / Etios)",N/A,5500,Call Received - Quoted,"None"
#CALC-145,"8 Oct 2026, 11:23 pm","/tariff/","Direct Phone Dial","Direct Inbound","Chennai Taxi & Cab Tariff Card","+91 89395 39211","General Inquiry",N/A,0,Call Clicked,"None"
#CALC-146,"8 Oct 2026, 11:23 pm","/admin (Phone Desk)","Office Phone Desk Log","Inbound Phone Enquiry","Testing Lead Owner (+91 9840999888)","Chennai to Pondicherry Drop Taxi","Sedan (Dzire / Etios)",N/A,5500,Call Received - Quoted,"None"
#CALC-147,"8 Oct 2026, 11:23 pm","/admin (Phone Desk)","Office Phone Desk Log","Inbound Phone Enquiry","Testing Lead Owner (+91 9840999888)","Chennai to Pondicherry Drop Taxi","Sedan (Dzire / Etios)",N/A,5500,Call Received - Quoted,"None"
#CALC-148,"8 Oct 2026, 11:23 pm","/tariff/","Direct Phone Dial","Direct Inbound","Chennai Taxi & Cab Tariff Card","+91 89395 39211","General Inquiry",N/A,0,Call Clicked,"None"
#CALC-149,"8 Oct 2026, 11:23 pm","/admin (Phone Desk)","Office Phone Desk Log","Inbound Phone Enquiry","Testing Lead Owner (+91 9840999888)","Chennai to Pondicherry Drop Taxi","Sedan (Dzire / Etios)",N/A,5500,Call Received - Quoted,"None"
#CALC-150,"8 Oct 2026, 11:23 pm","/tariff/","Direct Phone Dial","Direct Inbound","Chennai Taxi & Cab Tariff Card","+91 89395 39211","General Inquiry",N/A,0,Call Clicked,"None"
#CALC-151,"8 Oct 2026, 11:23 pm","/admin (Phone Desk)","Office Phone Desk Log","Inbound Phone Enquiry","Testing Lead Owner (+91 9840999888)","Chennai to Pondicherry Drop Taxi","Sedan (Dzire / Etios)",N/A,5500,Call Received - Quoted,"None"
#CALC-152,"8 Oct 2026, 11:23 pm","/tariff/","Direct Phone Dial","Direct Inbound","Chennai Taxi & Cab Tariff Card","+91 89395 39211","General Inquiry",N/A,0,Call Clicked,"None"
#CALC-153,"9 Oct 2026, 12:34 pm","/tariff/","Direct Phone Dial","Direct Inbound","Chennai Taxi & Cab Tariff Card","+91 89395 39211","General Inquiry",N/A,0,Call Clicked,"None"
#CALC-154,"9 Oct 2026, 12:34 pm","/admin (Phone Desk)","Office Phone Desk Log","Inbound Phone Enquiry","Testing Lead Owner (+91 9840999888)","Chennai to Pondicherry Drop Taxi","Sedan (Dzire / Etios)",N/A,5500,Call Received - Quoted,"None"
#CALC-787161,"9 Oct 2026, 12:34 pm","/services/acting-drivers/","Acting Driver Cost Calculator","One Way Drop","Chennai","Pondicherry","Hatchback & Sedan",151,1600,Browsed,"{gear:manual;days:2;nights:1;stayProvided:false;foodProvided:false}"
#CALC-139488,"9 Oct 2026, 12:34 pm","/calculator/","Local Rental Package","Local Package (8hr80km)","Chennai","Local Sightseeing (Chennai City)","Swift Dzire",8hr80km,2200,Browsed,"{days:1;travelDate:2026-10-10T06:00;localPackage:8hr80km}"
#CALC-256757,"9 Oct 2026, 12:34 pm","/services/acting-drivers/","Acting Driver Cost Calculator","One Way Drop","Chennai","Pondicherry","Hatchback & Sedan",151,1600,Browsed,"{gear:manual;days:2;nights:1;stayProvided:false;foodProvided:false}"
#CALC-570728,"9 Oct 2026, 12:34 pm","/calculator/","Acting Driver Cost Calculator","One Way Drop","Pallavaram  Chennai","Tirupati","Hatchback & Sedan",135,1562,Browsed,"{gear:manual;days:2;nights:1;stayProvided:false;foodProvided:false}"
#CALC-240423,"9 Oct 2026, 12:34 pm","/calculator/","Outstation Cab Estimator","Round Trip","Sholinganallur  Chennai  Tamil Nadu  India","Tirumala  Tirupati  Tirupati Urban  Andhra Pradesh 517504  India","Swift Dzire",178.5,5300,Browsed,"{days:1;travelDate:2026-10-10T06:00}"
#CALC-498775,"9 Oct 2026, 12:34 pm","/calculator/","Outstation Cab Estimator","Round Trip","Sholinganallur  Chennai  Tamil Nadu  India","Tirumala  Tirupati  Tirupati Urban  Andhra Pradesh 517504  India","Swift Dzire",178.5,7600,Browsed,"{days:2;travelDate:2026-10-09T06:00}"
#CALC-595433,"9 Oct 2026, 12:34 pm","/calculator/","Outstation Cab Estimator","Round Trip","Sholinganallur  Chennai  Tamil Nadu  India","Tirumala  Tirupati  Tirupati Urban  Andhra Pradesh 517504  India","Swift Dzire",178.5,11400,Browsed,"{days:3;travelDate:2026-10-09T06:00}"
#CALC-236895,"9 Oct 2026, 12:34 pm","/calculator/","Acting Driver Cost Calculator","Round Trip (2 Days)","Pallavaram  Chennai","Madurai","Hatchback & Sedan",924,3100,Browsed,"{gear:manual;days:2;nights:1;stayProvided:false;foodProvided:false}"
#CALC-163,"9 Oct 2026, 12:34 pm","/services/acting-drivers/","Direct WhatsApp Click","Direct Inbound","Hire Acting Drivers in Chennai from ₹500","WhatsApp Chat","General Inquiry",N/A,0,WhatsApp Clicked,"None"
#CALC-631159,"9 Oct 2026, 12:34 pm","/calculator/","Intercity Vehicle Relocation Estimator","Vehicle Relocation","Coimbatore","Chennai","Relocation Chauffeur",505,1920,Browsed,"{duration:10 hrs (Est);driverBata:1000;foodAllowance:300;returnBusFare:620}"
#CALC-165,"9 Oct 2026, 12:34 pm","/services/acting-drivers/","Direct WhatsApp Click","Direct Inbound","Hire Acting Drivers in Chennai from ₹500","WhatsApp Chat","General Inquiry",N/A,0,WhatsApp Clicked,"None"
#CALC-166,"9 Oct 2026, 12:34 pm","/services/acting-drivers/","Direct WhatsApp Click","Direct Inbound","Hire Acting Drivers in Chennai from ₹500","WhatsApp Chat","General Inquiry",N/A,0,WhatsApp Clicked,"None"
#CALC-167,"9 Oct 2026, 12:34 pm","/services/acting-drivers/","Direct WhatsApp Click","Direct Inbound","Hire Acting Drivers in Chennai from ₹500","WhatsApp Chat","General Inquiry",N/A,0,WhatsApp Clicked,"None"
#CALC-168,"9 Oct 2026, 12:34 pm","/services/acting-drivers/","Direct WhatsApp Click","Direct Inbound","Hire Acting Drivers in Chennai from ₹500","WhatsApp Chat","General Inquiry",N/A,0,WhatsApp Clicked,"None"
#CALC-169,"9 Oct 2026, 12:34 pm","/admin (Phone Desk)","Office Phone Desk Log","Inbound Phone Enquiry","Testing Lead Owner (+91 9840999888)","Chennai to Pondicherry Drop Taxi","Sedan (Dzire / Etios)",N/A,5500,Call Received - Quoted,"None"
#CALC-170,"9 Oct 2026, 12:34 pm","/tariff/","Direct Phone Dial","Direct Inbound","Chennai Taxi & Cab Tariff Card","+91 89395 39211","General Inquiry",N/A,0,Call Clicked,"None"
#CALC-592068,"9 Oct 2026, 12:34 pm","/services/chennai-airport-taxi/","Chennai Airport Taxi Estimator","Airport Drop (To Airport)","T. Nagar","Chennai International Airport (MAA)","Swift Dzire",22,950,Browsed,"{direction:drop;zone:Central Chennai & Downtown;duration:30–45 mins}"
#CALC-337672,"9 Oct 2026, 12:34 pm","/services/chennai-airport-taxi/","Chennai Airport Taxi Estimator","Airport Pickup (To City)","Chennai International Airport (MAA)","T. Nagar","Swift Dzire",22,950,Browsed,"{direction:pickup;zone:Central Chennai & Downtown;duration:30–45 mins}"
#CALC-360468,"9 Oct 2026, 12:34 pm","/services/chennai-airport-taxi/","Chennai Airport Taxi Estimator","Airport Drop (To Airport)","T. Nagar","Chennai International Airport (MAA)","Swift Dzire",22,950,Browsed,"{direction:drop;zone:Central Chennai & Downtown;duration:30–45 mins}"
#CALC-325282,"9 Oct 2026, 12:34 pm","/services/acting-drivers/","Acting Driver Cost Calculator","One Way Drop","Chennai","Pondicherry","Hatchback & Sedan",151,1600,Browsed,"{gear:manual;days:2;nights:1;stayProvided:false;foodProvided:false}"
#CALC-658673,"9 Oct 2026, 12:35 pm","/calculator/","Outstation Cab Estimator","Round Trip","Sholinganallur  Chennai  Tamil Nadu  India","Tirumala  Tirupati  Tirupati Urban  Andhra Pradesh 517504  India","Swift Dzire",178.5,5300,Browsed,"{days:1;travelDate:2026-10-10T06:00}"
#CALC-815921,"9 Oct 2026, 12:35 pm","/calculator/","Outstation Cab Estimator","Round Trip","Sholinganallur  Chennai  Tamil Nadu  India","Tirumala  Tirupati  Tirupati Urban  Andhra Pradesh 517504  India","Swift Dzire",178.5,7600,Browsed,"{days:2;travelDate:2026-10-09T06:00}"
#CALC-214276,"9 Oct 2026, 12:35 pm","/calculator/","Outstation Cab Estimator","Round Trip","Sholinganallur  Chennai  Tamil Nadu  India","Tirumala  Tirupati  Tirupati Urban  Andhra Pradesh 517504  India","Swift Dzire",178.5,11400,Browsed,"{days:3;travelDate:2026-10-09T06:00}"
#CALC-180274,"9 Oct 2026, 12:35 pm","/calculator/","Local Rental Package","Local Package (8hr80km)","Chennai","Local Sightseeing (Chennai City)","Swift Dzire",8hr80km,2200,Browsed,"{days:1;travelDate:2026-10-10T06:00;localPackage:8hr80km}"
#CALC-378164,"9 Oct 2026, 12:35 pm","/services/acting-drivers/","Acting Driver Cost Calculator","One Way Drop","Chennai","Pondicherry","Hatchback & Sedan",151,1600,Browsed,"{gear:manual;days:2;nights:1;stayProvided:false;foodProvided:false}"
#CALC-180,"9 Oct 2026, 12:35 pm","/services/acting-drivers/","Direct WhatsApp Click","Direct Inbound","Hire Acting Drivers in Chennai from ₹500","WhatsApp Chat","General Inquiry",N/A,0,WhatsApp Clicked,"None"
#CALC-739041,"9 Oct 2026, 12:35 pm","/calculator/","Acting Driver Cost Calculator","One Way Drop","Pallavaram  Chennai","Tirupati","Hatchback & Sedan",135,1562,Browsed,"{gear:manual;days:2;nights:1;stayProvided:false;foodProvided:false}"
#CALC-218410,"9 Oct 2026, 12:35 pm","/calculator/","Acting Driver Cost Calculator","Round Trip (2 Days)","Pallavaram  Chennai","Madurai","Hatchback & Sedan",924,3100,Browsed,"{gear:manual;days:2;nights:1;stayProvided:false;foodProvided:false}"
#CALC-183,"9 Oct 2026, 12:35 pm","/services/acting-drivers/","Direct WhatsApp Click","Direct Inbound","Hire Acting Drivers in Chennai from ₹500","WhatsApp Chat","General Inquiry",N/A,0,WhatsApp Clicked,"None"
#CALC-134370,"9 Oct 2026, 12:35 pm","/calculator/","Intercity Vehicle Relocation Estimator","Vehicle Relocation","Coimbatore","Chennai","Relocation Chauffeur",505,1920,Browsed,"{duration:10 hrs (Est);driverBata:1000;foodAllowance:300;returnBusFare:620}"
#CALC-185,"9 Oct 2026, 12:35 pm","/services/acting-drivers/","Direct WhatsApp Click","Direct Inbound","Hire Acting Drivers in Chennai from ₹500","WhatsApp Chat","General Inquiry",N/A,0,WhatsApp Clicked,"None"
#CALC-186,"9 Oct 2026, 12:43 pm","/tariff/","Direct Phone Dial","Direct Inbound","Chennai Taxi & Cab Tariff Card","+91 89395 39211","General Inquiry",N/A,0,Call Clicked,"None"
#CALC-187,"9 Oct 2026, 12:44 pm","/admin (Phone Desk)","Office Phone Desk Log","Inbound Phone Enquiry","Testing Lead Owner (+91 9840999888)","Chennai to Pondicherry Drop Taxi","Sedan (Dzire / Etios)",N/A,5500,Call Received - Quoted,"None"
#CALC-188,"9 Oct 2026, 12:44 pm","/tariff/","Direct Phone Dial","Direct Inbound","Chennai Taxi & Cab Tariff Card","+91 89395 39211","General Inquiry",N/A,0,Call Clicked,"None"
#CALC-189,"9 Oct 2026, 12:44 pm","/admin (Phone Desk)","Office Phone Desk Log","Inbound Phone Enquiry","Testing Lead Owner (+91 9840999888)","Chennai to Pondicherry Drop Taxi","Sedan (Dzire / Etios)",N/A,5500,Call Received - Quoted,"None"
#CALC-190,"9 Oct 2026, 12:44 pm","/admin (Phone Desk)","Office Phone Desk Log","Inbound Phone Enquiry","Testing Lead Owner (+91 9840999888)","Chennai to Pondicherry Drop Taxi","Sedan (Dzire / Etios)",N/A,5500,Call Received - Quoted,"None"
#CALC-191,"9 Oct 2026, 12:44 pm","/tariff/","Direct Phone Dial","Direct Inbound","Chennai Taxi & Cab Tariff Card","+91 89395 39211","General Inquiry",N/A,0,Call Clicked,"None"
#CALC-192,"9 Oct 2026, 12:44 pm","/admin (Phone Desk)","Office Phone Desk Log","Inbound Phone Enquiry","Testing Lead Owner (+91 9840999888)","Chennai to Pondicherry Drop Taxi","Sedan (Dzire / Etios)",N/A,5500,Call Received - Quoted,"None"
#CALC-193,"9 Oct 2026, 12:44 pm","/tariff/","Direct Phone Dial","Direct Inbound","Chennai Taxi & Cab Tariff Card","+91 89395 39211","General Inquiry",N/A,0,Call Clicked,"None"
#CALC-194,"9 Oct 2026, 12:47 pm","/tariff/","Direct Phone Dial","Direct Inbound","Chennai Taxi & Cab Tariff Card","+91 89395 39211","General Inquiry",N/A,0,Call Clicked,"None"
#CALC-195,"9 Oct 2026, 12:47 pm","/admin (Phone Desk)","Office Phone Desk Log","Inbound Phone Enquiry","Testing Lead Owner (+91 9840999888)","Chennai to Pondicherry Drop Taxi","Sedan (Dzire / Etios)",N/A,5500,Call Received - Quoted,"None"
#CALC-196,"9 Oct 2026, 12:47 pm","/admin (Phone Desk)","Office Phone Desk Log","Inbound Phone Enquiry","Testing Lead Owner (+91 9840999888)","Chennai to Pondicherry Drop Taxi","Sedan (Dzire / Etios)",N/A,5500,Call Received - Quoted,"None"
#CALC-197,"9 Oct 2026, 12:47 pm","/admin (Phone Desk)","Office Phone Desk Log","Inbound Phone Enquiry","Testing Lead Owner (+91 9840999888)","Chennai to Pondicherry Drop Taxi","Sedan (Dzire / Etios)",N/A,5500,Call Received - Quoted,"None"
#CALC-198,"9 Oct 2026, 12:47 pm","/tariff/","Direct Phone Dial","Direct Inbound","Chennai Taxi & Cab Tariff Card","+91 89395 39211","General Inquiry",N/A,0,Call Clicked,"None"
#CALC-199,"9 Oct 2026, 12:47 pm","/tariff/","Direct Phone Dial","Direct Inbound","Chennai Taxi & Cab Tariff Card","+91 89395 39211","General Inquiry",N/A,0,Call Clicked,"None"
#CALC-200,"9 Oct 2026, 12:47 pm","/tariff/","Direct Phone Dial","Direct Inbound","Chennai Taxi & Cab Tariff Card","+91 89395 39211","General Inquiry",N/A,0,Call Clicked,"None"
#CALC-201,"9 Oct 2026, 12:47 pm","/admin (Phone Desk)","Office Phone Desk Log","Inbound Phone Enquiry","Testing Lead Owner (+91 9840999888)","Chennai to Pondicherry Drop Taxi","Sedan (Dzire / Etios)",N/A,5500,Call Received - Quoted,"None"
#CALC-186764,"9 Oct 2026, 12:47 pm","/services/chennai-airport-taxi/","Chennai Airport Taxi Estimator","Airport Drop (To Airport)","T. Nagar","Chennai International Airport (MAA)","Swift Dzire",22,950,Browsed,"{direction:drop;zone:Central Chennai & Downtown;duration:30–45 mins}"
#CALC-255762,"9 Oct 2026, 12:47 pm","/services/chennai-airport-taxi/","Chennai Airport Taxi Estimator","Airport Pickup (To City)","Chennai International Airport (MAA)","T. Nagar","Swift Dzire",22,950,Browsed,"{direction:pickup;zone:Central Chennai & Downtown;duration:30–45 mins}"
#CALC-697077,"9 Oct 2026, 12:48 pm","/services/chennai-airport-taxi/","Chennai Airport Taxi Estimator","Airport Drop (To Airport)","T. Nagar","Chennai International Airport (MAA)","Swift Dzire",22,950,Browsed,"{direction:drop;zone:Central Chennai & Downtown;duration:30–45 mins}"
#CALC-500029,"9 Oct 2026, 12:48 pm","/services/chennai-airport-taxi/","Chennai Airport Taxi Estimator","Airport Pickup (To City)","Chennai International Airport (MAA)","T. Nagar","Swift Dzire",22,950,Browsed,"{direction:pickup;zone:Central Chennai & Downtown;duration:30–45 mins}"
#CALC-740504,"9 Oct 2026, 12:48 pm","/services/chennai-airport-taxi/","Chennai Airport Taxi Estimator","Airport Drop (To Airport)","T. Nagar","Chennai International Airport (MAA)","Swift Dzire",22,950,Browsed,"{direction:drop;zone:Central Chennai & Downtown;duration:30–45 mins}"
#CALC-805354,"9 Oct 2026, 12:48 pm","/services/chennai-airport-taxi/","Chennai Airport Taxi Estimator","Airport Pickup (To City)","Chennai International Airport (MAA)","T. Nagar","Swift Dzire",22,950,Browsed,"{direction:pickup;zone:Central Chennai & Downtown;duration:30–45 mins}"
#CALC-603359,"9 Oct 2026, 12:48 pm","/services/chennai-airport-taxi/","Chennai Airport Taxi Estimator","Airport Drop (To Airport)","T. Nagar","Chennai International Airport (MAA)","Swift Dzire",22,950,Browsed,"{direction:drop;zone:Central Chennai & Downtown;duration:30–45 mins}"
#CALC-320928,"9 Oct 2026, 12:48 pm","/services/chennai-airport-taxi/","Chennai Airport Taxi Estimator","Airport Pickup (To City)","Chennai International Airport (MAA)","T. Nagar","Swift Dzire",22,950,Browsed,"{direction:pickup;zone:Central Chennai & Downtown;duration:30–45 mins}"
#CALC-352317,"9 Oct 2026, 12:49 pm","/services/chennai-airport-taxi/","Chennai Airport Taxi Estimator","Airport Drop (To Airport)","T. Nagar","Chennai International Airport (MAA)","Swift Dzire",22,950,Browsed,"{direction:drop;zone:Central Chennai & Downtown;duration:30–45 mins}"
#CALC-556843,"9 Oct 2026, 12:49 pm","/services/chennai-airport-taxi/","Chennai Airport Taxi Estimator","Airport Pickup (To City)","Chennai International Airport (MAA)","T. Nagar","Swift Dzire",22,950,Browsed,"{direction:pickup;zone:Central Chennai & Downtown;duration:30–45 mins}"
#CALC-179111,"9 Oct 2026, 12:49 pm","/services/chennai-airport-taxi/","Chennai Airport Taxi Estimator","Airport Drop (To Airport)","T. Nagar","Chennai International Airport (MAA)","Swift Dzire",22,950,Browsed,"{direction:drop;zone:Central Chennai & Downtown;duration:30–45 mins}"
#CALC-349950,"9 Oct 2026, 12:49 pm","/services/chennai-airport-taxi/","Chennai Airport Taxi Estimator","Airport Pickup (To City)","Chennai International Airport (MAA)","T. Nagar","Swift Dzire",22,950,Browsed,"{direction:pickup;zone:Central Chennai & Downtown;duration:30–45 mins}"
#CALC-424233,"9 Oct 2026, 12:49 pm","/services/chennai-airport-taxi/","Chennai Airport Taxi Estimator","Airport Drop (To Airport)","T. Nagar","Chennai International Airport (MAA)","Swift Dzire",22,950,Browsed,"{direction:drop;zone:Central Chennai & Downtown;duration:30–45 mins}"
#CALC-290487,"9 Oct 2026, 12:49 pm","/services/chennai-airport-taxi/","Chennai Airport Taxi Estimator","Airport Drop (To Airport)","T. Nagar","Chennai International Airport (MAA)","Swift Dzire",22,950,Browsed,"{direction:drop;zone:Central Chennai & Downtown;duration:30–45 mins}"
#CALC-286888,"9 Oct 2026, 12:49 pm","/services/chennai-airport-taxi/","Chennai Airport Taxi Estimator","Airport Pickup (To City)","Chennai International Airport (MAA)","T. Nagar","Swift Dzire",22,950,Browsed,"{direction:pickup;zone:Central Chennai & Downtown;duration:30–45 mins}"
#CALC-451135,"9 Oct 2026, 12:49 pm","/services/chennai-airport-taxi/","Chennai Airport Taxi Estimator","Airport Pickup (To City)","Chennai International Airport (MAA)","T. Nagar","Swift Dzire",22,950,Browsed,"{direction:pickup;zone:Central Chennai & Downtown;duration:30–45 mins}"
#CALC-218,"9 Oct 2026, 12:49 pm","/tariff/","Direct Phone Dial","Direct Inbound","Chennai Taxi & Cab Tariff Card","+91 89395 39211","General Inquiry",N/A,0,Call Clicked,"None"
#CALC-219,"9 Oct 2026, 12:49 pm","/admin (Phone Desk)","Office Phone Desk Log","Inbound Phone Enquiry","Testing Lead Owner (+91 9840999888)","Chennai to Pondicherry Drop Taxi","Sedan (Dzire / Etios)",N/A,6000,Call Received - Quoted,"None"
#CALC-220,"9 Oct 2026, 12:49 pm","/admin (Phone Desk)","Office Phone Desk Log","Inbound Phone Enquiry","Testing Lead Owner (+91 9840999888)","Chennai to Pondicherry Drop Taxi","Sedan (Dzire / Etios)",N/A,6000,Call Received - Quoted,"None"
#CALC-221,"9 Oct 2026, 12:49 pm","/admin (Phone Desk)","Office Phone Desk Log","Inbound Phone Enquiry","Testing Lead Owner (+91 9840999888)","Chennai to Pondicherry Drop Taxi","Sedan (Dzire / Etios)",N/A,6000,Call Received - Quoted,"None"
#CALC-222,"9 Oct 2026, 12:49 pm","/tariff/","Direct Phone Dial","Direct Inbound","Chennai Taxi & Cab Tariff Card","+91 89395 39211","General Inquiry",N/A,0,Call Clicked,"None"
#CALC-223,"9 Oct 2026, 12:49 pm","/tariff/","Direct Phone Dial","Direct Inbound","Chennai Taxi & Cab Tariff Card","+91 89395 39211","General Inquiry",N/A,0,Call Clicked,"None"
#CALC-224,"9 Oct 2026, 12:49 pm","/admin (Phone Desk)","Office Phone Desk Log","Inbound Phone Enquiry","Testing Lead Owner (+91 9840999888)","Chennai to Pondicherry Drop Taxi","Sedan (Dzire / Etios)",N/A,6000,Call Received - Quoted,"None"
#CALC-225,"9 Oct 2026, 12:49 pm","/tariff/","Direct Phone Dial","Direct Inbound","Chennai Taxi & Cab Tariff Card","+91 89395 39211","General Inquiry",N/A,0,Call Clicked,"None"
#CALC-226,"9 Oct 2026, 12:50 pm","/tariff/","Direct Phone Dial","Direct Inbound","Chennai Taxi & Cab Tariff Card","+91 89395 39211","General Inquiry",N/A,0,Call Clicked,"None"
#CALC-227,"9 Oct 2026, 12:50 pm","/admin (Phone Desk)","Office Phone Desk Log","Inbound Phone Enquiry","Pilgrim Caller (+91 9840777111)","Chennai ➔ Rameshwaram 2-Days Tour","Ertiga (6 Pax)",N/A,18500,Call Received - Quoted,"None"
#CALC-228,"9 Oct 2026, 12:50 pm","/admin (Phone Desk)","Office Phone Desk Log","Inbound Phone Enquiry","Pilgrim Caller (+91 9840777111)","Chennai ➔ Rameshwaram 2-Days Tour","Ertiga (6 Pax)",N/A,18500,Call Received - Quoted,"None"
#CALC-229,"9 Oct 2026, 12:50 pm","/admin (Phone Desk)","Office Phone Desk Log","Inbound Phone Enquiry","Pilgrim Caller (+91 9840777111)","Chennai ➔ Rameshwaram 2-Days Tour","Ertiga (6 Pax)",N/A,18500,Call Received - Quoted,"None"
#CALC-230,"9 Oct 2026, 12:50 pm","/admin (Phone Desk)","Office Phone Desk Log","Inbound Phone Enquiry","Pilgrim Caller (+91 9840777111)","Chennai ➔ Rameshwaram 2-Days Tour","Ertiga (6 Pax)",N/A,18500,Call Received - Quoted,"None"
#CALC-231,"9 Oct 2026, 12:50 pm","/admin (Phone Desk)","Office Phone Desk Log","Inbound Phone Enquiry","Testing Lead Owner (+91 9840999888)","Chennai to Pondicherry Drop Taxi","Sedan (Dzire / Etios)",N/A,6000,Call Received - Quoted,"None"
#CALC-232,"9 Oct 2026, 12:50 pm","/admin (Phone Desk)","Office Phone Desk Log","Inbound Phone Enquiry","Pilgrim Caller (+91 9840777111)","Chennai ➔ Rameshwaram 2-Days Tour","Ertiga (6 Pax)",N/A,18500,Call Received - Quoted,"None"
#CALC-233,"9 Oct 2026, 12:50 pm","/admin (Phone Desk)","Office Phone Desk Log","Inbound Phone Enquiry","Testing Lead Owner (+91 9840999888)","Chennai to Pondicherry Drop Taxi","Sedan (Dzire / Etios)",N/A,6000,Call Received - Quoted,"None"
#CALC-234,"9 Oct 2026, 12:50 pm","/tariff/","Direct Phone Dial","Direct Inbound","Chennai Taxi & Cab Tariff Card","+91 89395 39211","General Inquiry",N/A,0,Call Clicked,"None"
#CALC-235,"9 Oct 2026, 12:50 pm","/admin (Phone Desk)","Office Phone Desk Log","Inbound Phone Enquiry","Pilgrim Caller (+91 9840777111)","Chennai ➔ Rameshwaram 2-Days Tour","Ertiga (6 Pax)",N/A,18500,Call Received - Quoted,"None"
#CALC-236,"9 Oct 2026, 12:50 pm","/admin (Phone Desk)","Office Phone Desk Log","Inbound Phone Enquiry","Pilgrim Caller (+91 9840777111)","Chennai ➔ Rameshwaram 2-Days Tour","Ertiga (6 Pax)",N/A,18500,Call Received - Quoted,"None"
#CALC-237,"9 Oct 2026, 12:50 pm","/tariff/","Direct Phone Dial","Direct Inbound","Chennai Taxi & Cab Tariff Card","+91 89395 39211","General Inquiry",N/A,0,Call Clicked,"None"
#CALC-238,"9 Oct 2026, 12:50 pm","/admin (Phone Desk)","Office Phone Desk Log","Inbound Phone Enquiry","Testing Lead Owner (+91 9840999888)","Chennai to Pondicherry Drop Taxi","Sedan (Dzire / Etios)",N/A,6000,Call Received - Quoted,"None"
#CALC-239,"9 Oct 2026, 12:50 pm","/tariff/","Direct Phone Dial","Direct Inbound","Chennai Taxi & Cab Tariff Card","+91 89395 39211","General Inquiry",N/A,0,Call Clicked,"None"
#CALC-240,"9 Oct 2026, 12:50 pm","/admin (Phone Desk)","Office Phone Desk Log","Inbound Phone Enquiry","Testing Lead Owner (+91 9840999888)","Chennai to Pondicherry Drop Taxi","Sedan (Dzire / Etios)",N/A,6000,Call Received - Quoted,"None"
#CALC-241,"9 Oct 2026, 12:50 pm","/admin (Phone Desk)","Office Phone Desk Log","Inbound Phone Enquiry","Pilgrim Caller (+91 9840777111)","Chennai ➔ Rameshwaram 2-Days Tour","Ertiga (6 Pax)",N/A,18500,Call Received - Quoted,"None"
#CALC-242,"9 Oct 2026, 12:50 pm","/tariff/","Direct Phone Dial","Direct Inbound","Chennai Taxi & Cab Tariff Card","+91 89395 39211","General Inquiry",N/A,0,Call Clicked,"None"
#CALC-243,"9 Oct 2026, 12:50 pm","/admin (Phone Desk)","Office Phone Desk Log","Inbound Phone Enquiry","Pilgrim Caller (+91 9840777111)","Chennai ➔ Rameshwaram 2-Days Tour","Ertiga (6 Pax)",N/A,18500,Call Received - Quoted,"None"
#CALC-244,"9 Oct 2026, 12:50 pm","/admin (Phone Desk)","Office Phone Desk Log","Inbound Phone Enquiry","Testing Lead Owner (+91 9840999888)","Chennai to Pondicherry Drop Taxi","Sedan (Dzire / Etios)",N/A,6000,Call Received - Quoted,"None"
#CALC-245,"9 Oct 2026, 12:51 pm","/tariff/","Direct Phone Dial","Direct Inbound","Chennai Taxi & Cab Tariff Card","+91 89395 39211","General Inquiry",N/A,0,Call Clicked,"None"
#CALC-246,"9 Oct 2026, 12:51 pm","/admin (Phone Desk)","Office Phone Desk Log","Inbound Phone Enquiry","Pilgrim Caller (+91 9840777111)","Chennai ➔ Rameshwaram 2-Days Tour","Ertiga (6 Pax)",N/A,18500,Call Received - Quoted,"None"
#CALC-247,"9 Oct 2026, 12:51 pm","/admin (Phone Desk)","Office Phone Desk Log","Inbound Phone Enquiry","Testing Lead Owner (+91 9840999888)","Chennai to Pondicherry Drop Taxi","Sedan (Dzire / Etios)",N/A,6000,Call Received - Quoted,"None"
#CALC-248,"9 Oct 2026, 12:51 pm","/tariff/","Direct Phone Dial","Direct Inbound","Chennai Taxi & Cab Tariff Card","+91 89395 39211","General Inquiry",N/A,0,Call Clicked,"None"
#CALC-249,"9 Oct 2026, 12:51 pm","/admin (Phone Desk)","Office Phone Desk Log","Inbound Phone Enquiry","Testing Lead Owner (+91 9840999888)","Chennai to Pondicherry Drop Taxi","Sedan (Dzire / Etios)",N/A,6000,Call Received - Quoted,"None"
#CALC-250,"9 Oct 2026, 12:51 pm","/admin (Phone Desk)","Office Phone Desk Log","Inbound Phone Enquiry","Pilgrim Caller (+91 9840777111)","Chennai ➔ Rameshwaram 2-Days Tour","Ertiga (6 Pax)",N/A,18500,Call Received - Quoted,"None"
#CALC-251,"9 Oct 2026, 12:51 pm","/admin (Phone Desk)","Office Phone Desk Log","Inbound Phone Enquiry","Testing Lead Owner (+91 9840999888)","Chennai to Pondicherry Drop Taxi","Sedan (Dzire / Etios)",N/A,6000,Call Received - Quoted,"None"
#CALC-252,"9 Oct 2026, 12:51 pm","/tariff/","Direct Phone Dial","Direct Inbound","Chennai Taxi & Cab Tariff Card","+91 89395 39211","General Inquiry",N/A,0,Call Clicked,"None"
#CALC-253,"9 Oct 2026, 12:51 pm","/admin (Phone Desk)","Office Phone Desk Log","Inbound Phone Enquiry","Pilgrim Caller (+91 9840777111)","Chennai ➔ Rameshwaram 2-Days Tour","Ertiga (6 Pax)",N/A,18500,Call Received - Quoted,"None"
